ent_group	n
Sri Lanka	1353
India	234
US	194
Parliament	135
Australia	117
IMF	98
Gotabhaya Rajapaksa	92
Russia	84
the International Monetary Fund	79
Ranil Wickremesinghe	73
the Central Bank	70
the 21st Amendment	64
China	63
Rajapaksas	63
Messi	50
Constitution	49
Opposition	49
Cabinet	48
Jaffna	46
Tamil	46
German	45
Ukraine	44
State	44
Treasury	44
Aragalaya	43
the United States	43
Viswanathan	41
European	37
U.S.	35
CSE	33
CPC	32
EU	32
the Central Bank of Sri Lanka	32
the Ceylon Petroleum Corporation	31
UN	30
UNDP	30
Johnston Fernando	29
Asia	29
The Bribery Commission	28
Puttalam	27
Japan	27
Kumara Welgama	27
CID	26
Argentina	26
Japanese	25
Tamil Nadu	25
SPP	24
Premadasa	24
France	23
Wickremesinghe	23
Welgama	22
Singapore	22
SriLankan Airlines	21
Hambantota	20
Chinese	20
Romania	20
Kelly Keiderling	20
Dhammika Perera	19
the Monetary Board	19
American	19
the United Nations	19
Robert Kaproth	19
Colombo/Jun24/2022	19
Perera	18
Navy	18
Mullaitivu	18
Ramamurthy	18
Mahinda Rajapaksa	18
Dudley Sirisena	18
Kanchana Wijesekera	18
Nandalal Weerasinghe	17
Order	17
the Ministry of Education	17
Matara	16
UK	16
SL	16
Bulgaria	16
SriLankan Cares	16
the US State Department	16
the Supreme Court	16
the European Union	16
Korean	16
Harin Fernando	16
the U.S. Department of State	16
Galle	15
London	15
Joe Biden	15
British	15
the Sri Lanka People's Front	15
Theekshana	15
Karunaratne	15
SLTB	15
Estonia	15
ISB	15
Sajith Premadasa	15
Wijayadasa Rajapaksa	15
Army	14
Diesel	14
SJB	14
CHS	14
Cooray	14
Athukorala	14
Central Asia	14
the World Bank	14
Jehan Appuhamy	14
the Northern Province	14
Julie Chung	14
Jagath Manuwarna	14
Hatton	13
Spain	13
USA	13
Nepal	13
Basil Rajapaksa	13
the Sri Lanka Transport Board	13
National Authority on Tobacco and Alcohol	13
the Colombo National Hospital	13
The Consumer Affairs Authority	13
Afghanistan	12
National Savings Bank	12
House	12
the Middle East	12
Pat Cummins	12
Shane	12
MSV	12
FE	12
NL	12
the Soviet Union	12
Bangladesh	12
Section 8 of	12
Nimal Siripala de Silva	12
Bell Geospace	12
Temple Trees	12
Naseer Ahmed	12
EU Ambassadors	12
Shane Warne’s	12
Morocco	11
Gulf	11
French	11
the Government of Sri Lanka	11
the US Treasury Department	11
the Department of Foreign Exchange	11
COPE	11
the U.S. Embassy	11
Daily Mirror	11
Latin America	11
Magammana	10
Kandy	10
Petrol	10
Ranil	10
COVID	10
Spanish	10
COVID-19	10
Galle Face	10
JVP	10
Rangita De Silva De Alwis	10
CEDAW	10
STF	10
Gunawardena	10
Sri Lanka Tourism	10
Kusal Mendis	10
Alex Carey	10
Labuschagne	10
Madushan	10
TKR	10
Fernando	10
Arab	10
US Treasury	10
Johnston	10
Hatton-Colombo	10
MA Sumanthiran	10
Danushka Gunathilaka	10
Pramod Madushan’s	10
Norwegian	9
IOC	9
Trincomalee	9
WHO	9
Biden	9
Britain	9
RW	9
Finance	9
FTG	9
Manusha Nanayakkara	9
SLT-MOBITEL	9
CRA	9
Chaturanga Samarawickrama	9
the Foreign Exchange Act	9
Luminex	9
Hong Kong	9
Anura Kumara Dissanayake	9
the Presidential Secretariat	9
South Asia	9
European Ambassadors	9
Magistrate	9
Dhammika Munasinghe	9
Lahiru Weerasekera	9
Eranga Gunasekera	9
the Ministry of Public Administration	9
Muslim	9
Sri Lankan Tamils ​​in	9
the Samagi Jana Balawega	9
the Dehiwala Zoo	8
Maskeliya	8
Fort	8
NATO	8
Italy	8
Pakistan	8
Maldives	8
Chamika Karunaratne	8
North	8
Law Forum	8
Kottawa	8
Kovid	8
CBI	8
the Ministry of Finance	8
West	8
Barista	8
Commercial Bank	8
Anura Dissanayake	8
Mickey	8
Expolanka	8
Moldova	8
M.S.	8
Nasheed	8
CAG	8
Ports	8
the Finance Ministry	8
Eric Lavertu	8
Gotabhaya	8
the Colombo Stock Exchange	8
the International Transaction Reporting System	8
the Ministry of Health	8
Eurasia	8
Easter	8
Lanka	8
the COPE Committee	8
Rathindu Senaratne	8
the Office on Missing Persons	8
Twitter	7
Wimal Weerawansa	7
Board	7
TNA	7
RBIO	7
Hitler	7
Independence	7
Egypt	7
Lebanon	7
Jagath Kumara	7
IGP	7
Iran	7
Peiris	7
Court	7
Victor Chiujdea	7
Samsung	7
the Land Reforms Commission	7
Keheliya Rambukwella	7
South Korea	7
Tsunami	7
Gota	7
Sajith	7
Luminex Limited	7
Sapugaskanda	7
Home Affairs	7
Provincial Councils and Local Government	7
Sirisena	7
Tunisia	7
Manipay	7
the Board of Directors	7
the Western Province	7
Mitchell Marsh	7
Sri Lankan Cricket	7
the Ceylon Electricity Board	7
the United People's Power	7
the R. Premadasa Stadium	7
Nanayakkara	7
Kahathuduwa	7
Galle Face Green	7
Expolanka Holdings	7
The Education Ministry	7
the Special Task Force	7
Harsha De Silva	7
Norway	6
Justice	6
the Dambulla Economic Center	6
Homagama	6
Western	6
Super Diesel	6
the Katunayake Airport	6
& CPC	6
Vasudeva Nanayakkara	6
Trichy	6
Ratnapura	6
the Presidential Palace	6
Wellawaya	6
UPFA	6
Canada	6
Sinhalese	6
MLF	6
Uduwaragedara	6
Geneva	6
Committee	6
Hutton	6
State Department	6
Batticaloa	6
SLTDA	6
Indonesia	6
SLFP	6
Vinay Kwatra	6
Koko	6
the Ministry of Tourism and Lands	6
the Department of the Land Commissioner General	6
Kurunegala Divisional Secretariats	6
Taiwan	6
Howard	6
Lothar Seubert	6
Turkey	6
Pathum Nissanka	6
Dasun Shanaka	6
Jason Warne	6
Shay	6
Test	6
Gamini Senarath	6
Switzerland	6
Jayasuriya	6
Seylan Bank	6
Bribery Case	6
Sathosa	6
Lionel Messi	6
the Godakawela Police	6
Lithuania	6
Coimbatore	6
Cuba	6
Buddhist	6
Jayanath Colombage	6
Green	6
The Colombo High Court	6
John Greenwood	6
Lanka Sama Samaja Party	6
Wijesekara	6
Dilshan Weerasekera	6
the Cabinet Ministers	6
Gopal Baglay	6
Senthil Thondaman	6
Jinarathana Thero	6
the Puttalam Base Hospital	6
The Criminal Investigations Department	6
the Cauvery Basin	6
Mannar Basin M1	6
the United Nations Office for the Coordination of Humanitarian Affairs	6
the World Health Organization	6
Kankesanthurai	6
Hamilton Reserve Bank Ltd.	6
African	6
Article 83 of the Constitution	6
Energy	5
Sampath	5
Middeniya	5
Mahinda Amaraweera	5
Colombo	5
Northern	5
Melilla	5
Podujana Peramuna	5
Ceylon	5
World Bank	5
Netherlands	5
FSP	5
Convention	5
Business Foreign Currency Account	5
an Authorized Dealer	5
dfe@cbsl.lk	5
the United Kingdom	5
Lazard	5
Maithripala Sirisena	5
Wintermoon Geophysics	5
Sinhala	5
SAGAR	5
LKR	5
Rita Mannella	5
Swiss	5
Aussies	5
Cameron Green	5
Aaron Finch	5
David Warner	5
Josh Inglis	5
Marnus Labuschagne	5
Wellalage	5
Glenn Maxwell	5
Carey	5
Chandimal	5
Charith Asalanka	5
Mendis	5
Matt Kuhnemann	5
Bombay	5
CWE	5
Maharagama Cancer Hospital	5
Barcelona	5
Ratta	5
Litro	5
Jayamaha	5
Kurt Schuler	5
Milton Friedman	5
Ruwan Walpola	5
UNFCCC	5
the Paris Agreement	5
T.K. Ramamurthy	5
Carnatic	5
Naypyidaw	5
Hulangamuwa	5
MoFA	5
Department	5
the National List	5
Mark Meloch-Brown	5
Pivithuru Hela Urumaya	5
Roe	5
the Lady Ridgeway Children's Hospital in Colombo	5
New York	5
Clifford Chance	5
Sudath Samaraweera	5
External Affairs	5
Mahinda Yapa Abeywardena	5
Heenatigala	5
Colombo Fort Magistrate	5
North Macedonia	5
the Ministry of Agriculture	5
the State Government of Tamil Nadu	5
Bosnia and Herzegovina	5
Subramaniam Satyavani	5
the Matara General Hospital	5
Nuwara-Eliya	5
Government	5
the University of Colombo	5
Middle Eastern	5
Masahiro Nozaki	5
GL Peiris	5
the Monetary Board of the Central Bank of Sri Lanka	5
the Ministry of Foreign Affairs	5
Christian	5
Mano Ganesan	5
democratic	5
SLT-Mobitel AkazaLMS	5
the Fort Magistrate's Court	5
the Sapugaskanda Oil Refinery	5
Jude Shramantha Anthony Jayamaha	5
the All Ceylon Restaurant Owners' Association	5
the Indian High Commission	5
Power and Energy	5
the Lady Ridgeway Hospital for Children	4
Dambade	4
Thilan Miranda	4
the Nuwara Eliya Police	4
the Nuwara Eliya Police Division	4
the National People's Force	4
the Matara Pradeshiya Sabha	4
the Katunayake International Airport	4
Ada Derana	4
the White House Oval Office	4
Moroccan	4
Maharagama Police	4
Maharagama	4
Harantota	4
the Tamil National Alliance	4
Royal Ceramics	4
Philippines	4
Sama Party	4
Left Front	4
CrudeOil Shipments	4
Specialist	4
Brzezinski	4
Keynes	4
BBC	4
Brazil	4
East	4
Portugal	4
Mirihana	4
Chi Chenhong	4
Deepal Perera	4
the Computer Crime Investigation Division of CID	4
Nigeria	4
Harischandra	4
Samarasinghe	4
USD	4
Licensed Commercial Bank	4
UNESCO	4
Rwanda	4
Rohini Kaviratne	4
Basil	4
the Entomological Officers' Association	4
Nugegoda	4
Faizal	4
Malaysia	4
Kuwait	4
the Agriculture Ministry	4
the Government of Japan	4
Keells	4
Ajith Nivard Cabraal	4
Cabraal	4
Lands	4
Health	4
South	4
BlackRock	4
OCHA	4
Tamil Progressive Alliance	4
Sri Lanka Denis Chaibi	4
Sri Lanka Trine Jøranli Eskedal	4
Tanja Gonggrijp	4
the Kingdom of the Netherlands	4
the Republic of Germany Holger	4
Sri Lanka Dominik Furgler	4
Investigate Allegations of Bribery or Corruption	4
the Bribery Act	4
Media Division	4
Taliban	4
North Indian	4
Streamline Services	4
UoC	4
Capital Goods	4
Rajeeva Bandaranaike	4
HNB	4
the Bribery and Corruption Commission	4
Zoysa	4
Palma	4
Lakmal Sooriyagoda	4
Haritha Aluthge	4
the Government Medical Officers' Association	4
Verite Research	4
North America	4
Private Sector	4
UNHRC	4
Sanur	4
Rahula Vidyalaya	4
Godakawela	4
Athuraliye Rathana	4
Menem	4
Alan Walters	4
MT of Petrol 92	4
Palitha	4
A-PAD SL	4
Recommendations	4
Maldivian	4
Sher Bahadur	4
MCC	4
Tibetan	4
Prema	4
Narendra Modi	4
the Southern Expressway	4
Washington	4
the League of Nations	4
Gota Go Home	4
the Galle International Stadium	4
the Prime Minister's Office	4
The National Water Supply and Drainage Board	4
Peter Breuer	4
Bill	4
Aruni Wijewardane	4
KMM Siriwardena	4
MSS Saman Fernando	4
Department of Economic Research	4
Sinhala-Buddhist	4
Sirimavo Bandaranaike	4
Sri Lanka Gopal Bhagle	4
Pandulagama	4
Bada Khana	4
the Homagama Hospital	4
the Office for National Unity and Reconciliation	4
Charita Herath	4
the Sabaragamuwa Province	4
the Wellawaya Hospital	4
CBSL	4
Sunday Times	4
The Parliamentary Committee on Public Enterprises	4
Amarasekera	4
LOLC	4
the Public Property Act	4
The Bonn Climate Change Conference	4
Archbishop of Colombo	4
Oslo	3
Islamist	3
Jayawardena	3
Ecuador	3
the Nuwara Eliya Police Station Crime Prevention Unit	3
Cope	3
CEB	3
Wariyapola	3
the Outer Circular Highway	3
the Colombo-Katunayake Road	3
the Central Expressway	3
Asela Sampath	3
kottu	3
the US Treasury	3
Customs	3
Cipetco	3
State for Central and South Asian Affairs	3
the Jaffna Teaching Hospital	3
Rs.100	3
Leader	3
Kaushalya Kumari	3
Auto Diesel	3
the United States Mahinda Samarasinghe	3
North African	3
Rabat	3
Legislature	3
Wellampitiya, Colombo	3
the Navinna Holiday Resort	3
H. Ravindra 37	3
Dubai	3
Mississippi	3
WWII	3
Vietnam	3
Public Transport	3
Corona	3
SP	3
Libya	3
Yemen	3
Nivard Cabraal	3
Ministry	3
Saravanapavan	3
Kilinochchi	3
the Makumbura Expressway	3
Afghan	3
Boris Johnson	3
Paris	3
www.dfe.lk	3
LSSP	3
the Sri Lanka Freedom Party	3
the Janatha Vimukthi Peramuna	3
Madiwela	3
Fed	3
Thoothukudi	3
South East Asia Petroleum Exploration Society	3
Asia Pacific Conference	3
Airborne	3
Gravity Gradiometry	3
the Mannar Basin	3
West coast	3
M2	3
Cairn India	3
Mannar M2	3
Oil and Gas	3
Gravity	3
Magnetics	3
Indian External Affairs	3
Referendum	3
the Commonwealth Heads of Government Meeting	3
Indian	3
Sampath Bank	3
ComBank	3
Board Paper	3
Iranian	3
IRCS	3
V. Radhakrishnan	3
M. Udaya Kumar	3
Sweden	3
Greece	3
the Global South	3
WB	3
R. Saravanaraja	3
the High Commission	3
House in Colombo	3
the United Arab Emirates	3
SLT-Mobitel	3
Aeromagnetic Data	3
Prasad Kariyapperuma	3
TMJYP	3
PKG Fernando	3
the President’s Office	3
Denis Chaibi	3
Anton Wickremesinghe	3
JR	3
Hemas Holdings PLC	3
Dilmah Ceylon Tea Company	3
Brandix Apparel Limited	3
Daraz Sri Lanka	3
Seylan Cards	3
Bank	3
Anuradhapura	3
the Diri Savi Board	3
Litro Gas	3
Upul Kumarapperuma	3
Douglas Devananda	3
Ronaldinho	3
Ven	3
Hideki	3
Misukoshi Hideki	3
Bosnia	3
Nadu	3
Vavuniya	3
Thambuththegama	3
Panadura	3
Saudi	3
Greenwood	3
Mundell	3
Shehan Gunasekara	3
Jayalalithaa	3
C.R. Subburaman	3
Seergali Govindarajan	3
Wirasekara	3
Newsweek	3
Myanmar	3
GOSPLAN	3
Pan Asia Bank	3
Aravinda Perera	3
the Ceylon Chamber	3
NC	3
Ceylonese	3
Grandpa	3
Sri Lanka Navy	3
the Ports Authority	3
the Eastern Terminal	3
Agriculture	3
the Nuwara Eliya District Hospital	3
Lalith Dharmasekera	3
North Western	3
Western Sahara	3
Article	3
Western Europe	3
Defence	3
Shavendra Silva	3
Nihal Taltuwa	3
Amarakeerthi Athukorala	3
section 14	3
the Ministry of Justice	3
the Meteorological Department	3
a Great Depression	3
the Public Utilities Commission	3
Fund	3
United National Party	3
the UN Public Service Awards	3
the National Dengue Control Unit	3
New Delhi	3
the Sri Lankan Rupee	3
the Monetary Law Act	3
Asia Pacific	3
Angajan Ramanthan	3
Ceylon Daily News	3
South America	3
Marie	3
Tourist Guide Lecturer	3
978-624-97686-5-9	3
Vasantha Mudalike	3
Copa America	3
the Fisheries Corporation	3
Kota Ko Gama'	3
the Asian Development Bank	3
Colombo Fort Magistrate Thilina Gamage	3
Saliya Pieris	3
Darshana Kuruppu	3
Buddhika Tillekeratne	3
Lak Sathosa	3
Eraj Fernando	3
Sunil Gunaratne	3
Mannar Regional Health Services	3
European Council	3
the European Commission	3
the Colombo Crimes Division	3
MN Ranasinghe	3
K. Mayadunne	3
Humanitarian	3
the University of Moratuwa	3
Yvette Fernando	3
W.D. Lakshman	3
the Human Rights Council	3
the Viswanathan-Ramamurthy	3
Commission	3
Venezuela	3
the Parliament Elections Act	3
Central Planning	3
Ceylon Chamber of Commerce	3
the Foreign Service	3
Central Bank	3
The Department of Meteorology	3
the Ministry of Defence	3
the Foreign Secretaries of India	3
Islamic Republic of Iran	3
Matt Godwin	3
Mellisai Mannargal	3
State Partnership Program	3
Lasso	2
ICU	2
the Ceylon Electricity Board MA Ferdinando	2
the Cope Group	2
Mannar	2
Hunnasgiriya-Meemure	2
Medamahanuwara	2
Teldeniya	2
Udadumbara Police	2
the National Transport Commission	2
Samarawickrema	2
Sri Lanka Police	2
Air Marshal	2
Nihal Lodivick	2
Lodwick	2
Primalal Jayasekara	2
the Oliphant Estate	2
the Nuwara Eliya Magistrate's Court	2
Seneviratne	2
Hawala	2
Dehiwala	2
Palaviya Salt Company	2
Puttalam - The Palaviya Salt Company	2
Puttalam Police	2
Puttalam - Employees of the Palaviya Salt Company	2
the Puttalam Labor Office	2
the Salt Company	2
the Lady Ridgeway Hospital	2
CCTV	2
Darshana Sanjeewa Balasuriya	2
Rs.80	2
Dambulla	2
Kahathuduwa Police	2
the Borella Children's Hospital	2
Asia Robert Cabrot	2
the Met Department	2
the Sri Lankan Ministry of External Affairs	2
the Special Guest Room	2
the Bandaranaike International Airport	2
Katunayake	2
Central	2
North-Central	2
Galle via Colombo	2
the Left Democratic Front	2
Melkum Ranjith	2
Kota	2
the Center for Policy Alternatives	2
Bandaranaike	2
Emphasis	2
Dayan Jayatilleke	2
Hatton-Maskeliya	2
Hatton Nortonbridge	2
Gazette	2
Govt	2
Congress	2
the White House	2
PRC	2
the Brzezinskian Project	2
Adolf Hitler	2
Roman	2
John Maynard Keynes	2
Keynesianism	2
CCC	2
Somalia	2
Blinken	2
Nazi	2
Third Reich	2
USSR	2
Trump	2
Alliance	2
Xi Jinping	2
CrudeOil	2
CPC Trade Union	2
Gotagogama	2
GR	2
SF	2
Ben Ali	2
Syria	2
Colombo Telegraph	2
Vikum Liyanage	2
Meemure	2
Lulwatta	2
the Medamahanuwara Divisional Hospital	2
Nairobi	2
Gender	2
Mahinda	2
Sri Lanka Chi Chenhong	2
Health Services	2
Society	2
the Computer Crime Investigation Division of the Criminal Investigation Department	2
Manjula Basnayaka	2
Darshana Handungoda	2
Manorama Weerasinghe	2
Thisara Anuruddha Bandara	2
Tharindu Uduwaragedara	2
the Young Journalists’ Association	2
Bandarawela	2
Sub Inspector Madhusankha	2
the Sri Lanka Air Force	2
Rangita De Alwis	2
the UN Committee	2
the Elimination of All Forms of Discrimination Against Women	2
De Silva-De Alwis	2
the Committee of the Convention	2
Uganda	2
Israel	2
Azerbaijan	2
Trinidad	2
Tobago	2
a State Party	2
The Committee on the Elimination of Discrimination	2
the Associate Dean of International Affairs	2
the Global Institute for Human Rights	2
the University of Pennsylvania Law School	2
Harvard Law School	2
the Department of Media Studies	2
the University Council	2
Raghuram	2
Police	2
Kandaketiya	2
distributor shall import	2
LTTE	2
Paktika	2
Pradeshiya Sabha	2
Makumbura	2
Ukrainian	2
First Capital Holdings PLC	2
the Chipetco Fuel Station	2
Hutton Colombo Main Road	2
Prison Affairs	2
the Office of Compensation and the Office for National Unity and Reconciliation	2
Romesh de Silva	2
Cabinet Sub-Committee	2
Constitutional Amendment	2
the Committee on Parliamentary Affairs	2
Sagara Kariyawasam	2
Ajith Rajapaksa	2
Golden Shakehand	2
the Manipay Police	2
Ceypetco	2
Hatton Police	2
The Mount Lavinia CID	2
Thelawala	2
Mt.	2
Nihal Ranasingha	2
the Frontline Socialist Party	2
Chandrika Kumaratunga	2
the Kelani River	2
the Dengue Control Unit	2
the southwest monsoon	2
Kegalle	2
Najith Sumanatissa	2
Friederich Hayek	2
Continental	2
TERMS	2
i. To deposit	2
b. Refer	2
Thalapathpitiya	2
Udahamulla	2
Embuldeniya	2
anti-Americanism	2
Lakshadweep	2
SRT	2
Kotte	2
Sudan	2
Sabaragamuwa	2
the Debt Capital Markets Division	2
SEAPEX	2
Priantha Fernando	2
Mirror Business	2
Reuters	2
Kalutara	2
Subramaniam Jaisankar	2
the Commonwealth Summit	2
Constitutional Council	2
Bench	2
CHOGM	2
Beijing	2
FDI	2
S. Jaishankar	2
Lankan	2
the Phase II	2
Keells Supermarkets	2
Horana	2
Galaxy	2
Singer	2
Ajith Nivard	2
Economic Research Department	2
International Operations Department	2
Weerasinghe	2
Land Reforms Commission Land	2
Islam	2
West Asia	2
the Chief Guest	2
John Howard	2
Susil Premajayantha	2
Korean Businessmen’s Association	2
JEONG	2
the Department of Examinations	2
Government of Tamil Nadu	2
Trade	2
HIPC	2
Paris Club	2
Southern	2
FAO	2
English	2
Wehrmacht	2
Moscow	2
Chamika Karunathma	2
the Imperial Monarch Hotel	2
Wijetasa Rajapaksa	2
Tamil National Alliance and	2
Kota-ko-home	2
the Sri Lanka Parliamentary College	2
Vladimir Putin	2
Narendra	2
the Sri Lanka Unique Digital Identity Project	2
Yellow	2
Thushara Indunil Amarasena	2
Kalutara District	2
the Transport Act	2
section 70	2
L.A. Wimalaratne	2
Haqqani	2
the Department of Management Services	2
the Ceylon Transport Board	2
the Management Services Department	2
Eminence Malcolm Cardinal Ranjith	2
Church	2
Eliot Colburn	2
Ford	2
Azure Stack	2
Peter Bower	2
Kandyan	2
California	2
Kanchana	2
Power & Energy Kanchana Wijesekara	2
Coordinating	2
Trinco	2
Wijerama Mawatha	2
the National Film Corporation	2
the Rukmani Devi Memorial Fund	2
the Prime Minister's Office in Colombo	2
Lands Harin Fernando	2
the Industrial Disputes (Special Provisions	2
Passikudah	2
Pondicherry	2
Kigali	2
Spokesperson	2
Cornel Perera	2
IMI	2
the Schiller International University	2
Ceylon Tourist Board	2
Judokas	2
Janasaviya	2
Cricketer Pat Cummins	2
H.E.	2
Hanaa Singer-Hamdy	2
Resident Coordinator	2
Dilhan C. Fernando	2
Kasthuri Chellaraja Wilson	2
Group	2
Natasha Boralessa	2
Rakhil Fernando	2
Malin Herwig	2
Charge	2
Environmental Social Governance	2
SOE	2
LOLC Finance	2
Jagath Kumara Sumithra Arachchi	2
Colombo District Parliamentarian	2
the Ministry of Power and Energy	2
the Ministry of Energy	2
the Civil Procedure Code	2
Kalady	2
Vellore	2
the STF	2
Ampara Camp	2
Siriwardena	2
the Brownry Road	2
World Heritage Sites	2
BALLON	2
the World Cup	2
the Ministry of Fisheries	2
Malaria	2
the Government Medical Officers'	2
Kavinda Zoysa	2
Lahiru	2
the European Countries	2
Ja-Ela	2
Denmark	2
Jayashankar	2
Gotabhaya Gotabhaya	2
the Republic of Italy Rita Mannella	2
Trina Jongran	2
Trineal Jøran	2
Colombage	2
the Department of Agriculture	2
National Fertilizer Secretariat	2
Ceylon Fertilizer Company	2
Commercial Fertilizer Company	2
Chennai	2
Tuticorin	2
Waruna Wanniarachchi	2
Public Property	2
Youth	2
Commerce	2
Nimalsiri Edirisinghe	2
the Ministry of Agriculture Rohana Pushkumara	2
the Agrarian Development Centers	2
Fertilizer Company	2
Weerawansa	2
Forex	2
Sirambiadiya	2
Panchikawatte Road	2
Panchikawatte	2
The Sri Lanka Medical Association	2
Alcohol and Illicit Drugs	2
Narada Warnasuriya	2
the Institute of Policy Studies	2
the National Authority on Tobacco and Alcohol, Institute of Policy Studies	2
a. Discontinue	2
the Galle Face	2
Raj Mohideen	2
Mohammad Sakeer	2
the Cooperative Wholesale Establishment	2
Investigate Allegations of Bribery	2
the Cooperative and Internal Trade Minister	2
the Trincomalee Port	2
the Embassy of Japan	2
Hoshiai	2
the Ministry KDS Ruwanchandra	2
Rulers	2
​​and	2
Charles Michel	2
Scholz	2
Samaraweera	2
CCD	2
MMPK Mayadunne	2
the Ceylon Chamber of Commerce Manjula de Silva	2
Vajira Ellepola	2
the Ceylon Service Agents Association	2
P. Released	2
Eranga Rukshan Madushanka	2
Grade	2
Sunil	2
TG Parakrama	2
The United Nations Human Rights Council	2
the National Child Protection Authority	2
Derana	2
Preethi Jayamaha	2
Kanthi Jayamaha	2
Johns Hopkins University	2
Montenegro	2
Hanke	2
Chile	2
the Wall Street Journal	2
the Friedberg Mercantile Group	2
Friedman	2
10 Downing Street	2
Thatcher	2
Executive	2
Samagi United Trade Union Force	2
SUTUF	2
Ananda Palitha	2
The Auto Diesel	2
Tamil diaspora	2
Murdoch Business School	2
Murdoch University	2
Western Australia	2
the Conference of the Parties	2
Bonn	2
Glasgow	2
GGA	2
HSBC	2
A-PAD	2
Haiti	2
Civil Engineering	2
Fidelity Investments	2
T. Rowe Price	2
Abbett	2
JPMorgan	2
PIMCO	2
Neuberger Berman	2
Core Group	2
US Senate Foreign Relations Committee	2
Sivaji Ganesan	2
Subburaman	2
Hindustani	2
P. Susheela	2
T.M. Soundararajan	2
metre	2
Table 1	2
GI	2
Thailand	2
Jatropha	2
SEC	2
Kamal Wijesiri	2
the United Nations Office on Drugs and Crime	2
Siyatha	2
Tele-Vakiya’	2
Sirasa	2
the King Fahd University of Petroleum and Minerals of Saudi Arabia	2
Arabic	2
Commonwealth	2
pro-Western	2
a Sri Lankan Opposition MP	2
pro-Middle Eastern Sri Lankan	2
Suren Fernando	2
Ranasinghe Premadasa	2
Field Marshal Sarath Fonseka	2
SJB Sandanaya Alliance	2
Colombo Central	2
Rotary	2
Lenin	2
Godwin	2
Ghana	2
Manhattan	2
Charles A. Flynn	2
Millennium Challenge Corporation	2
Kathmandu	2
Zeya	2
Deuba	2
National Guard	2
Krishantha Cooray	2
W.A. Wijewardena	2
Fleming	2
Moody’s	2
Beliatta	2
Mangalore	2
the United People's Freedom Alliance	2
Jana Balawegaya	2
the Anura Jana Balamukha	2
the Jathika Nidahas Peramuna	2
Vadivel Suresh	2
Nimal Lansa	2
Sanath Jayasuriya	2
Kapila Ariyaratne	2
Mihular	2
The Sri Lanka Ministry of Foreign Affairs	2
WDL	2
Buddha	2
the Divisional Secretariat	2
Party	2
Stephen Covey	2
the Centric Water Pump	2
Jinasena Ltd.	2
Prebisch-Singer Hypothesis	2
Hans Singer	2
Prebisch	2
the Compensation Office	2
Jaffna District	2
Gemunu Wijerathne	2
the Railway Department	2
the Santipura Olympus Upper Estate	2
The All Ceylon Private Bus Owners' Association	2
Jaffna Magistrate's Court	2
the Power and Energy Minister	2
South India	2
the National People's Power Conference	2
Board of Investment	2
the Sri Lankan People's Alliance	2
the National Council of Intellectuals	2
the District Secretaries	2
the U.S. Constitution	2
the “Forever War	2
Capitalism	2
the International Law Regime	2
Antony J. Blinken	2
Scandinavian	2
a European Empire	2
Neoconservatives	2
the UN General Assembly’s	2
Pohottuwa	2
Dimath Karunaratne	2
the Police Media Spokesman's Office	2
the Bakhtar News Agency	2
Dumith Fernando's	2
Wijayadasa	2
Marxists	2
Asia Pacific Department	2
Anne-Marie Gulde	2
Monetary and Capital Market Department of the IMF	2
the Public Service Day	2
WikiFord	2
the Ministry of Ports	2
SampathCards UltraRewards	2
Remittance Card	2
Wijewardane	2
Coalition for Economic Democracy	2
Indian Ocean	2
Michael Roberts	2
The Army Group Center	2
Wattala	2
the Sri Lankan Government	2
Southeastern Naval Command	2
The Labour Ministry	2
PB Jayasundera	2
the United Nations Development Programme	2
the Food and Agriculture Organization	2
the “Sri Lanka’s	2
Lanka IOC	2
Browns Investments	2
Ratkarave Jinaratne Thera	2
Siritamma Thera	2
Keshalya Navaratna	2
Talangama	2
South Asian Division	2
Section 442	2
World Cups	2
Tissa Vitharana	2
Maina Ko Gama'	2
the Hindu Buddhist Cultural Council	2
R. Vinothan	2
the European Parliament	2
Steve Hanke	2
Washington, DC	2
The Russian Ruble	2
Modern Monetary Theory	2
OPEC	2
the Asia-Pacific Alliance for Disaster Management Sri Lanka	2
Hamilton Reserve Bank	2
Hindu	2
Shankar	2
Aayirathil Oruvan	2
Engirundho Vanthaan	2
the Cold War years	2
21st Amendment	2
the US National Guard	2
Association of Professional Bankers of Sri Lanka	2
Mother Lanka	2
LGBT festival	1
the All Ceylon Bakery Owners'	1
N.S. K. Mr.	1
Guillermo Lasso	1
Quito	1
the Santipura Oliphant Estate	1
the National Hospital	1
the Missing Persons' Office	1
Kalviyangad	1
The Office of Compensation and the Office of Missing Persons	1
Ferdinando Cobb's	1
Adani of	1
Udaya Kamanpila	1
the National Sumanthira Front	1
SSP Nihal Thalduwa	1
Highway Operations (Maintenance and Management	1
Direcor Nihal Ludowyke	1
AG Special Trial	1
Black Monday	1
Parliamentarian Amarakeerthi Athukorala	1
Parliamentarians	1
Gemunu	1
LPBOA	1
Wijerathne	1
Spokesperson SSP Nihal	1
AICOA	1
Kottu	1
SLAF	1
the Air Force	1
the Sri Lanka Air Force War Heroes Monument	1
SLAF Trade Training School Ekala	1
Gamini Seneviratne	1
The All Ceylon Filling Station Owners’ Association	1
Hon	1
the Port of Colombo East Terminal	1
ECT	1
SLPA	1
the Port of Colombo	1
the Ports Trade Unions	1
Railways Gamini Seneviratne	1
the Embilipitiya Hospital	1
US Mercantilists	1
Massor	1
Dolekade	1
The All Ceylon Auto Drivers' Association	1
Lanka Super Diesel	1
The Three Wheeler Owners' Association	1
Dharmasekara	1
NHC	1
Mahatma Gandhi	1
Clock Road	1
Chepamalai Koviladi	1
The District Crime Prevention Police	1
Nicole Francis	1
Jaffna Magistrate AA Anandarajah	1
Anjana Priyanjith	1
Lanka Private Bus Owners Association	1
the Adani Group	1
the Western Container Terminal	1
Paranthan-Poonakary	1
the Jaffna District Conference of	1
Paranthan	1
Poonakary	1
the Ceylon Indian Oil Company	1
the U.S. Department of the Treasury	1
int’l	1
Petrol Octane	1
Ceypetco & LIOC	1
CEYPETCO	1
the Ceylon IOC	1
CEYPETCO & Lanka IOC Fuel Prices Increased	1
The Sri Lankan Ministry of Health	1
the World Health Organization South East Asian Regional Office	1
the Epidemiological Unit	1
Economic Times	1
Murali Vallipuranathan	1
the Section of Epidemiology	1
the King’s College	1
Ragama	1
Anurakumara	1
Mavai Senathirajah	1
Dharmalingam Siddharthan	1
the Tamil Nadu Trichy Central Jail	1
MAP	1
The Moroccan Human Rights Association	1
Ceuta	1
Pedro Sanchez	1
Madrid	1
Brahim Ghali	1
Polisario Front	1
the Canary Islands	1
Paco	1
Navinna	1
Ravindra	1
Katugasthota	1
Vijayatha	1
Cabinet Select Committee	1
the Independent Action Group	1
RPF	1
Chandrika Ammiyar	1
the Constituent Assembly	1
Lukashenko	1
Hayleys	1
Lanka Tiles	1
Vallibel Group	1
Chandra Jayaratne	1
the Elections Commission	1
Ministry of Technology and Investment Promotion	1
NewsWire	1
the National Lists of the	1
post-Independence years	1
L.O. Abeyratne	1
SWRD Bandaranaike	1
Asoka Karunaratne	1
Lakshman Kadirgamar	1
Island	1
Ratnasiri Wickremanayake	1
UPFA National List	1
the Sarath Silva Supreme Court	1
Sick Matara	1
the Matara Co-operative	1
Hospital	1
Divisional	1
Quota	1
Dayan	1
Diplomat	1
Kristalina Giorgieva	1
Rupav	1
Nobel	1
Joseph	1
the Ministry of External Affairs	1
Marcos	1
Kottayam	1
Conte	1
Andakai	1
Ragamai Hospital -	1
the National Freedom Front	1
the Colombo Port	1
Watana	1
Media Secretaries	1
the Doctors Association of Sri Lanka	1
Chithran Hathurusinghe	1
Hathurusinghe	1
Upper Komukomuwa	1
Kuliyapitiya	1
U.S. Supreme Court	1
The Supreme Court	1
Roe v. Wade	1
Republican	1
John Roberts	1
Democrats	1
Clarence	1
Samuel Alito	1
Brett Kavanaugh	1
the U.S. Food and Drug Administration	1
Vatican	1
New Zealand	1
Jacinda Ardern	1
the Peoples Republic of China	1
The Russian Federation	1
the UN Security Council	1
Rosa Brooks	1
Harvard	1
Oxford	1
Yale	1
Scott K. Ginsburg	1
Georgetown University Law Center	1
Benito Mussolini	1
Pacifism	1
Brooks	1
West Point’s	1
Modern War Institute	1
Francis Fukuyama’s End of History Illusion	1
Jimmy Carter	1
Polish-American	1
Zbigniew Brzezinski	1
Joseph Stalin	1
The Grand Chessboard	1
US Empire’s	1
Mongol	1
Empires	1
Karl Marx	1
Franklin D. Roosevelt	1
Civilian Conservation Corps	1
Cynical	1
Will Re	1
Kampuchea	1
Laos	1
Nicaragua	1
the Global War on Terror	1
Walter J. Oakes	1
Lockheed Martin	1
Northrop Grumman	1
post-USSR	1
Iraq	1
the Vietnam Syndrome	1
the 2008 Depression	1
the US Permanent War Economy	1
Jeffrey Sachs	1
Oliver North	1
the Summit of Americas	1
the Permanent War State	1
the “Rules-Based International Order”	1
The Administration’s Approach	1
the George Washington University	1
World Wars	1
the South China Sea	1
International Law	1
Alison	1
Thucydides Trap”	1
Brooks’ End of Peace	1
Globe	1
the United States Holocaust Museum	1
Adolph Hitler’s	1
The Geneva Disarmament Conference	1
another European War	1
Berlin	1
William Kristol	1
Robert Kagan	1
the Project for the New American Century	1
Chessboard	1
Richard Cheney	1
Donald Rumsfeld	1
Pentagon	1
the Chinese Century	1
Marco Polo	1
Amsterdam	1
Christopher Columbus	1
the International Court of Justice	1
Making America Great Again	1
the Alliance for Multilateralism	1
Orwellian	1
World Political Parties Virtual Summit	1
76th Session	1
the UN Charter	1
Sachithanandam Sathananthan	1
the University of Cambridge	1
the Jawaharlal Nehru University School of International Studies	1
Karachi University’s Institute of Business Administration	1
Sanjeewa Balasuriya	1
way.(DSB	1
the All Ceylon Fisheries Federation	1
Kiralawella	1
Devinuwara	1
Ratna Gamage	1
the National Organizer of the All Ceylon Common Fisheries Federation	1
Gamage	1
Mynah	1
the Arab Spring	1
Senegal	1
Lamiaceae	1
An Historical Relation of the Island Ceylon	1
Robert Knox	1
the Kandyan Kingdom	1
Yahapalana	1
Nodealgama	1
Sarath Fonseka (SF	1
Keith Noir	1
Ekneligoda	1
Mohamed Bouazizi	1
Zine El	1
Abidine Ben Ali	1
Algeria	1
Jordan	1
Oman	1
Bahrain	1
Hosni Mubarak	1
Muammar Gaddafi	1
Saudi Arabia	1
Rambukkana	1
pro-Government	1
Yahweh	1
Abel	1
Jamila Husain	1
The Protests Have Fragmented	1
Sunil Handuneththi	1
Sarathchandra Mayadunne	1
Kamal Gunaratne	1
the Defence Headquarters Complex	1
Sri Jayewardenepura	1
David Holly	1
Australian Border Force	1
Michael Outram APM	1
the Joint Agency Task Force Rear	1
Justin Jones	1
Transnational Operations of Australian Federal Police	1
Richard Chin	1
People Smuggling and Human Trafficking	1
Lucienne Manton	1
Several Australian High Commission	1
Amanda Jewell	1
Nishantha Ulugetenne	1
Air Force	1
Sudarshana Pathirana	1
Sri Lanka Coast Guard Rear	1
Anura Ekanayake	1
National Intelligence Major	1
Ruwan Kulathunga	1
State Intelligence Service Major	1
Suresh Salley	1
the Defence Ministry	1
the Medamahanuwara Hospital	1
Kurunegala	1
the Teldeniya Base Hospital	1
United Nations Biodiversity Draft	1
The United Nations Convention on Biological Diversity	1
Kenyan	1
Kunming	1
Montreal	1
Mirilalini	1
the UN Biodiversity Protection Agency	1
Surani Pathirana	1
Ministry of Environment	1
Final Session	1
Kandy - A	1
Dhal	1
Sunday Lankadeepa	1
the Members’ Service Office	1
Temple Trees in Colombo	1
SLC	1
Match Test Series	1
the ICC World Test Championship	1
Pathum Fernando	1
Angelo Mathews	1
Dhananjaya de Silva	1
Kamindu Mendis	1
Dinesh Mendis	1
Vishwa Fernando	1
Asitha Pradhan	1
Jeffrey Wandase	1
Health Services - Northern Province	1
the Kilinochchi District	1
A. Ketheeswaran	1
the Ministry of Program Health	1
Healthcare	1
the Special Operations Forces	1
Amma District	1
Na	1
the Kilinochchi District General Hospital	1
the Great Flood	1
the Galle Road	1
Boossa	1
Mahaweli	1
the Mahaweli Bridge	1
the OIC	1
the Mahiyanganaya Police	1
Sri Lanka Mahinda Samarasinghe	1
the Treasury Robert Cabrot	1
Kilinochchi District Health Workers	1
Kilinochchi Regional Health Services	1
Nada Saravanapavan	1
Rupavathi Ketheeswaran	1
Jaffna University Media Department Head	1
University of Jaffna	1
C. Raghuram	1
C. Sirisarkunaraja	1
University Grants Commission Circulars	1
C.	1
the Faculty of Arts	1
Queues	1
Spokesperson SSP Nihal Thalduwa	1
Pallewela	1
Badulu Oya	1
Pussakanda	1
Meegahakiwula	1
Kerosene	1
CAA	1
Urban	1
the Principals of Urban	1
Sri Lankan Tamils	1
the Trichy Central Jail Special Camp	1
the Trichy Government Hospital	1
the Trichy Central Jail	1
The Sri Lankan Tamils ​​there	1
Pillayan	1
Chandrakanthan	1
TMVP	1
Easwaran Rutnam	1
International Monetary Fund	1
PKG	1
Yogarasa Sathees	1
Malliyappu	1
the Hatton - Colombo	1
the United States of America	1
Moneragala Hospital	1
Samadhi Rajapksa	1
Tobacco Leaves	1
Cannabis	1
Habarana	1
the Dambulla Hospital	1
Madura Road	1
the Exchange Department	1
Boris	1
Conservative Party	1
Embassy	1
Welgama Assault	1
the Makumbura Southern Expressway	1
Alexander Koronzhi	1
the Stock Exchange	1
Weerasekera	1
State Dept	1
John McDaniel	1
Catherine Reynolds	1
State Antony Blinken	1
Section 08 of Foreign Exchange Act No	1
The Monitoring Unit of the International Transaction Reporting System	1
the Banking Act No	1
UNESCO Award	1
The United Nations Educational, Scientific and Cultural Organization	1
Hu Hylan	1
the United Nations Educational,	1
Scientific and Cultural Organization	1
Hu	1
the Center for Neuroscience at	1
Zhejiang University's	1
College of Medicine	1
Maria Guzman	1
Catalin Carico	1
Angela Nieto	1
the Police Media Division	1
the Police Media Unit	1
Oval	1
the Sinhala Hindu Friendship Association	1
the Office of the Disappeared	1
Malliweppu	1
Monaragala District Hospital	1
The Wellawaya Police	1
the Galle Face Presidential Secretariat	1
Gazi	1
the Communist Party of Sri Lanka	1
the Lanka Sama Samaja Party	1
the People's Front	1
Edul Fort	1
Purakkottai	1
Baddegama	1
Bagoda	1
the Nugegoda Junction to the Open University	1
Mohammed Faizal	1
Abdul Razzak	1
Merchants Importer	1
Exporter	1
Marketing Federation	1
the Fisheries Department	1
the Public Works Department	1
the Khadi Board	1
the Cooperative Society and Animal Husbandry Department	1
LCMF	1
The Indian Express	1
Nugegoda-Nawala	1
Uva	1
Ampara and Batticaloa	1
Coronavirus	1
Greenspan	1
Dullas	1
Media	1
Dullas Alahapperuma	1
Alahapperuma	1
navy	1
Protesters	1
Premiership	1
Pic AFP	1
the Sinhala –Tamil New Year	1
New Year	1
Samurdhi	1
Yala and Maha seasons	1
GotaGoGama	1
the Sustainable Development Goals	1
the 2030 Sustainable Development Agenda	1
SDG 16	1
UNPSA	1
António Guterres	1
United Nations Public Service Day	1
Winkle Thera	1
GA Colvin	1
the Upper Province	1
the Supreme Court of Sri Lanka	1
Opposition Samagi Jana Balavegaya’s	1
the 1978	1
Einstein	1
19th Amendment Bill	1
Determinations	1
Basic Structure	1
CC	1
contra	1
the Pohottuwa Parliament	1
Commonwealth Foreign Affairs	1
P.K. Balachandran	1
post-war era	1
Chatham House	1
Ganeshan Wignaraja	1
Umesh Moramudali	1
PPG	1
Beijing wanted Colombo	1
Foreign Ministry	1
Neighborhood First	1
Indo-Lankan	1
MoU	1
the Trincomalee Power Company	1
Gautam Adani	1
Adani	1
S.M. Marikkar	1
Kachhativu Island	1
the Romanian Government	1
the Romanian Employment Agencies Association	1
Siripala	1
MIZUKOSHI Hideaki	1
the Japanese Government for the Peradeniya Children’s Hospital	1
Polonnaruwa General Hospital	1
the WHO Centre for Health Development	1
Kobe	1
the WHO Kobe Centre	1
the Japan International Cooperation Agency	1
Taisai Corporation Japan	1
the Airport and Aviation Services Sri Lanka Ltd.	1
Phase II	1
the Port of Trincomalee	1
the Japanese Embassy Chiharu HOSHIAI	1
Mission KATSUKI Kotaro	1
K.D.S. Ruwanchandra	1
UltraRewards	1
OTP	1
UltraRewards/Ultramiles	1
Sampath Visa Infinite	1
Visa Signature	1
MasterCard World	1
Visa Platinum	1
Barista Coffee Lanka Ltd.	1
Memorandum of Understanding	1
dInnovation Ltd.	1
Dilupa Pathirana	1
Pathirana	1
S. Prabagar	1
The Commercial Bank of Ceylon	1
Y.C.S.	1
Moratuwa	1
A.D. Malani Somalatha Fernando	1
Kiribathgoda	1
W. Sakun	1
Madhuranga Thamel	1
Wennappuwa	1
Sivakumar Dilani	1
RemitPlus	1
Undiyal	1
Android	1
smart tags	1
Samsung Sri Lanka	1
Kevin SungSu	1
Galaxy Watch	1
Galaxy SmartTag	1
Travel Adapters and	1
The Glaxy Buds 2	1
the Galaxy Buds Live	1
the Galaxy Buds Pro	1
The Galaxy	1
SmartTag	1
The Wireless Charger Trio	1
the Wireless Charger Convertible	1
The Galaxy Travel Adapter	1
Steriliser	1
John Keells Office Automation and Softlogic Mobile Distribution	1
Softlogic Retail	1
Singhagiri	1
Damro, Network Partners Dialog	1
Mobitel	1
Samsung EStore	1
samsungsrilanka.lk	1
Daraz.lk	1
Dammika Nanayakkara & Mrs Yvette Fernando	1
Rs.355.00/Rs.365.00 per USD	1
Ministry of External Affairs of India Joint	1
Kartik Pande	1
Ministry of Foreign Affairs of Sri Lanka Additional	1
South Asia B. Kandeepan	1
South Asia W. Dharmapala	1
General Economic Affairs	1
Chandana Weerasena	1
Sujata Gamage	1
Tara de Mel	1
the Education Forum SL	1
Mohammed Hossein Niknam	1
Foreign Ministry of Iran	1
Seyyed Rasoul Mousavi	1
the Iranian Red Crescent Society	1
Pir Hossein Kolivandon	1
Tehran	1
Kolivand	1
Aponsu	1
the Iranian Foreign Ministry	1
Mohomad Deldhari	1
Y’s Men Intl	1
Ben Tsutomu	1
YM Convention in Colombo	1
Y’s Men International	1
the Grand Oriental Hotel, Colombo	1
YM Ohno Ben Tsutomu	1
Kobe Port	1
West Region	1
Tsutomu	1
Asia Pacific Y’s Men Area	1
Southeast Asia	1
Japan East	1
Japan West	1
Milroy Manuel	1
YM Anton Kandiah	1
Sri Lanka Broadcasting Corporation	1
Vijaya Corea	1
Toledo	1
Ohio	1
Y’s Men	1
R.O. Buell	1
Minneapolis	1
Y’s Men’s Club of Colombo	1
International Y’s Men	1
Oliver Goonetilleka	1
Club	1
the Colombo Club	1
Later Sri Lanka	1
The America-Australia	1
Canberra	1
the Vietnam War	1
John Winston Howard	1
Treasurer	1
Department of Examination Commissioner General L.M.D. Dharmasena	1
National Institute of Education	1
Sunil Nawarathne	1
Chairperson Honggyu Kwak	1
Korean Residents Association of Sri Lanka Chairperson	1
Chairperson Gyeong Ho	1
Santhush Woonjin	1
Chairperson Kwak	1
Premajayantha	1
Dharmasena	1
GCE	1
Korean Residents	1
SriLankan Airlines’ Cares	1
Pfizer	1
Pre Putin	1
Swedish	1
Florida	1
Algorithms	1
Groundhog Day	1
Huxley	1
“Centering Prayer”	1
Abbot Thomas Keating	1
Mary Mrozowski	1
classic Abandonment to Divine Providence	1
Jean Pierre de Caussade	1
COVID-19 lockdowns	1
Washington Consensus	1
Cold War 2.0	1
State Owned Enterprises	1
the Global 1 percent	1
MIC	1
the International Aid Architecture	1
accountable.2	1
Yugadhanavi	1
The United Nations Charter	1
the Right of Peoples to Self-Determination	1
dynamics.4 Solutions	1
International Development Architecture for Sri Lanka	1
OECD	1
Paris Club of Donors	1
National Energy and Food Security Policy	1
Tamara Kunanayakam	1
Chairperson/Rapporteur of the United Nations Intergovernmental Working Group	1
the UN Office of the High Commissioner for Human Rights	1
Darini Rajasingham-Senanayake	1
the International Steering Group	1
Southern Perspectives on Reform of the International Development Architecture	1
Jeremy Liyanage	1
the Social Science	1
Community Development	1
Jeremy	1
Asoka Bandarage	1
the California Institute of Integral Studies	1
Yale University	1
Brandeis University	1
Macalester College	1
Georgetown University	1
European Peace University	1
Mount Holyoke College	1
Historian	1
the Dept	1
Peradeniya University	1
the Dept of Anthropology at Adelaide University	1
Dharshana Kastiriaratne	1
Sri Lanka Institute of Information Technology	1
P.C. Nathan	1
Ceylon Mercantile	1
General Workers Union	1
CMU	1
Ranjit Seneviratne – Marine Engineer	1
Sandya Hewamanne	1
Department of Sociology	1
the University of Essex	1
Lacille De Silva	1
Legislative Services	1
Rohini Hensman	1
Mumbai	1
Chemical Engineer	1
Unilever	1
Ananda Weerasekere	1
Human Resource Management Specialist	1
Social Activist	1
Herman Kumara	1
National Fisheries Solidarity Movement	1
Praja Abilasha Land Rights Network	1
Sandun Thudugala	1
Asoka Siriwardena	1
the Commonwealth Telecom Organization London	1
3The Privatization Industry	1
Sol Trumbo Vila	1
Matthijs PetersTransnational Institute	1
Quad Humanitarian	1
Ashanthi Warunasuriya	1
Second World War	1
Nationalist	1
the Nazi Party	1
the First World War	1
the National Socialist Party of Adolf Hitler	1
General Staff	1
Poland	1
Stalinist	1
Luftwaffe	1
the Dnieper River	1
The Army Group North	1
Field Marshal	1
von Leeb	1
Baltic	1
Leningrad	1
St. Petersburg	1
Napoleon	1
Panzer	1
Heinz Guderian	1
Soviet	1
Teutons	1
Kota-Go-Home	1
Nadaraja Raviraj	1
Tushar Indunil	1
United People's Power	1
Lawyer S. Dhananjayan	1
Mullaitivu Police Station Officer-in-Charge Janan	1
Mullaitivu High Court	1
Section 10(1)(b)(ii	1
Saman Weerasinghe	1
Russian-Sri Lankan	1
Eelam	1
Uma Ramanan	1
Manipur	1
CSR Division	1
பாற்சொறு உண்டு மகிழ்கையில்	1
Mohammad Nassim Haqqani	1
Abdul Wahid Rayan	1
Kabul	1
Zaitullah Ghurziwal	1
AFP	1
Mohammad Amin Huzaifa	1
Ethul Kotte	1
Pita Kotte	1
Beddagana	1
Pagoda	1
Wijerama	1
Mile Post	1
Highlevel	1
Open University	1
Nawala	1
Senior Economist	1
the Fiscal Affairs Department of the International Monetary Fund	1
International Monetary Fund Resident Representative	1
Municipalities	1
the Inland Revenue Services	1
Inland	1
the Matara Divisional Crime Investigation Division	1
Elakanda - Hendala	1
Aluwatta	1
Batticaloa, Colombo 15	1
the Kelani Senior Superintendent of Police	1
the Parliament of United Kingdom	1
the UK Government	1
GSP+	1
the Rajapaksa Government	1
the United Kingdom Parliament	1
Commonwealth and Development Affairs	1
Vicky Ford	1
Colburn	1
the Paris Club	1
All Share Price Index (	1
LOLC Holdings Plc	1
National	1
ICT	1
Learning Management System	1
Lakmal Jayasinghe	1
the SLT-Mobitel	1
tailor	1
Azure	1
the Command Headquarters	1
Kariyapperuma	1
General Administration	1
Acting Area	1
Southeastern Naval Area	1
RD	1
Fitch Ratings	1
Bank of Ceylon’s	1
Short-Term Foreign Currency	1
the Viability Rating	1
Rating Watch Negative	1
BOC	1
IDR	1
the National List of the Sri Lanka People's Alliance	1
Anna Trapido	1
Nelson Mandela	1
Mandela	1
Asian	1
Moors	1
Portuguese	1
Dutch	1
Yorkshire	1
the Hill Country	1
Hotel Renuka	1
Kollupitiya	1
Hospital Street	1
Pettah	1
Pol Sambol	1
Papadam	1
sarana	1
miyanakola	1
kang kung	1
dara lipas	1
McCoy	1
the Sunday Island	1
Clan	1
Administration	1
SJP	1
Anura	1
the Ceylon Tamil	1
Upcountry Tamil	1
Catholic	1
Ranil-Sajith	1
Operations	1
The Fund's Alternative Executive	1
Sri Lanka People's	1
Norway Trine Jøranli Eskedal	1
Holger Seubert	1
Rakibe Şekercioğlu	1
the General Elections of 1977	1
Air Force or Police	1
the Service Commanders	1
J.R. Jayewardene	1
the Navy House	1
Menikdiwela	1
the Administrative Service	1
Ministry Secretaries	1
the Ministry of Labour	1
Ministries	1
the Parliamentary Select Committee	1
the High Posts Committee	1
Anton	1
Corporation	1
Bauddhaloka Mawatha	1
Joe Abeywickrema	1
Thevis Guruge	1
D.H. Abayasinghe	1
Prof G.L. Peiris	1
the Law Faculty of Colombo University	1
NFC	1
Madras	1
the Cinematic Renters Association	1
Century Fox	1
Warner Bros.	1
Goldwin Mayer	1
United Artists	1
Regional Office	1
George Wickremasinghe	1
George	1
the Observer of January 13, 1979	1
Warner Brothers	1
Paramount Films	1
Universal Films	1
M.G.M. Films	1
Columbia Films	1
Twentieth Century	1
Fox Films	1
United Artist Films	1
The Towering Inferno and Abba-the Movie	1
the State Film Corporation	1
Tudella	1
Ja-ela	1
Pacific Islands	1
the Bretton Woods	1
Reliance	1
Pacific	1
the UN Drug Control Programme	1
the Securities and Exchange Commission	1
Esmond Wickremesinghe	1
Esmond	1
Kalkudah Rest House	1
Kattankudy	1
Vietnamese	1
Muhith	1
Kanatte	1
England	1
Manu Ginige	1
Air Ceylon	1
Manu	1
Duplication Road	1
Ashram	1
Romayne	1
G.L.	1
External Affairs of India	1
the CHOGM Summit	1
Defense Staff	1
Daya Ratnayake	1
Roshan Goonetileke	1
MULTI-TASKING IN COLOMBO – Part	1
the Ceylon Hotel School	1
Food & Beverage Operations	1
Principal	1
Pearl Heenatigala	1
food & beverage management studies	1
Rosie	1
Hilton	1
the Sri Lanka Institute of Tourism and Hotel Management	1
Chandana	1
Cheese	1
the Streamline Hotel Management Training Section	1
Saturdays	1
Herbert Cooray	1
Jetwing Hotels Group	1
the Tourist Hotels Association of Sri Lanka	1
Sriyantha Senaratne	1
Gemini Management Services Ltd.	1
the Far East and South Asia	1
Hotel Consult Institut Hôtelier César Ritz	1
the Goodwood Park Hotel	1
Inter-Asia Education Consultants	1
Hotelconsult	1
the International Management Institute	1
the Hague Hotel School	1
the School of Hotel Management	1
the Holiday Inn in Colombo	1
Imtiaz Cader	1
Majestic Holiday Resorts Ltd.	1
Hikkaduwa	1
Lee Potter Holdings	1
the Colombo University	1
Singer Lanka Ltd.	1
Business Administration	1
South Devon Technical College	1
American Hotel & Motel Association	1
Tourism Marketing’ by	1
Pacific Asia Travel Association	1
Pannel Kerr Forster Consulting	1
the Dean of the Faculty of Arts	1
Bertram Bastianpillai	1
EDBA	1
CHSGA	1
James Peries	1
Willie Blake	1
D.B. Nihalsinghe	1
D. B Suranimala	1
the Central YMCA	1
Judo	1
Kithsiri De Soyza	1
the National Judo Association of Sri Lanka	1
Keselwatte	1
Harvard Methodist Girl’s School and Lorenz College	1
St. Joseph’s College, Colombo	1
E. P. De Silva	1
the Daily Mirror and Times	1
the Labour Party	1
San Sebastian	1
the Colombo Municipal Council	1
N. M.Perera	1
Ruwanwella	1
Housing and Construction	1
Red, Blue or Green	1
Giving Facility	1
Dilmah	1
Brandix	1
Daraz	1
Sarvodaya	1
the United Nations Global Compact Network Sri Lanka	1
Strategic Partners	1
Humanitarian Needs	1
Hemas	1
Anver Hamdani	1
Medical Technical Services	1
Heshan Fernando	1
Co-Founder	1
oDoc Sri Lanka	1
Rathika de Silva	1
UN Global Compact Network Sri Lanka	1
Vimlendra Sharan	1
The Inspired People of Brandix	1
Manusathkara	1
Model Village	1
Ext	1
Instagram	1
Wintermoon	1
ID Office	1
Public Holiday	1
the Department of Registration of Persons	1
Credit Card	1
the Seylan Credit Card	1
Ceylinco Insurance	1
AIA Insurance	1
Union Assurance	1
Sri Lanka Insurance	1
Fairfirst Insurance	1
Fertilizer’	1
H.M. Faizal Deen	1
Sat Co Lanka Technology	1
the Sri Maha Bodhi	1
Ringing	1
the CSE Trading Floor	1
Ruwan Fernando	1
Navara Capital	1
Jayasankha Alahendra	1
Renuke Wijayawardhane	1
the CSE Senior Management	1
The Island Financial Review	1
the Sri Lanka Ports Authority	1
the Ceylon Shipping Corporation	1
the “South Sea of Sri Lanka	1
The International Rating Agency Moody’s	1
Multi-Billion Dollar	1
JKH Rs 87.3 million	1
Commercial Bank Rs 68.5 million	1
Browns Investments Rs 45.6 million	1
Hatton National Bank	1
John Keells Holdings	1
SMB Leasing	1
Laugfs	1
the Public Property Misappropriation Act	1
Thilina Gamage	1
Maradana	1
Vasantha	1
Denis Sieby	1
Harin	1
French Travel Agents	1
Ceylon Petroleum Corporation Engineers Association	1
the CPC Engineers Association	1
GL Peiris - Meeting	1
Jhengshankar	1
External Affairs Peiris	1
Quoting	1
Mohamed Zakir	1
Investigate Corruption	1
Chapter 126 of the Criminal Code	1
the three Commissioners of the Bribery and Corruption Commission	1
the High Court	1
the Committee on Public Finance	1
Anura Priyadharshana	1
Excise Department Kapila Kumarasinghe	1
the Distilleries Company of Sri Lanka	1
Extra Special Label	1
Vinay Gwadra	1
the Ministry of External Affairs Aruni Wijewardene	1
Joint	1
the Indian Ministry of External Affairs Karthik Pandey	1
Ministry of Foreign Affairs	1
W. Dharmapala	1
the Economic Affairs Division	1
Batagoda in Anguruwatota	1
the Horana Police	1
the Homagama Base Hospital	1
Yapa Abeywardena	1
the Chairmen of Labour Tribunals	1
Douglas	1
Karaikal	1
Palali-Trichy and Chennai	1
The Sri Lanka Tamil Teachers' Association	1
the Association Sara Bhuvaneswaran	1
the International Federation of Football Associations	1
Cristiano Ronaldo	1
Newell's Old Boys	1
Champions League	1
World Youth Championships	1
FIFA World Player	1
Beijing Olympic Football Championship	1
Antonilla	1
the Messi Foundation	1
the Sathosa Main Market	1
Vauxhall Street	1
Fisheries	1
Devananda	1
Indu Ratnayake	1
Chathuranga Udawatte	1
Nissan de Mel	1
Veritas Resort	1
the Open Society Foundation	1
the United States - Tissa Vitharana	1
Ekala	1
Ja-Ela Police Station	1
Charge R. M. G. D. Ratnayake	1
Sampath Dissanayake	1
the Complaints Division	1
Silva	1
the Colombo Fort Magistrate’s Court	1
YouTuber Rathindu Senaratne	1
Colombo Fort	1
Jayatilleke	1
Sri Lanka Misukoshi	1
India Milinda Moragoda	1
Belarus	1
Belgium	1
Ireland	1
Luxembourg	1
Serbia	1
Slovenia	1
Malta	1
Milinda Moragoda	1
L	1
Foreign Affairs	1
L.	1
S.	1
Patali Chambika Ranawaka	1
the Good Governance Government	1
Dilwin Silva	1
Bee	1
the Ministry of Agriculture, Department of Agrarian Services	1
the Badulla Police	1
Pahalawatta	1
Badulla	1
Mission	1
Italian	1
Hollyy Shudia	1
Holly	1
the Tamil Nadu Assembly	1
the Central Government	1
MK Stalin	1
Rice	1
the Torrington Estate	1
Akkarappathana	1
Kalmadurai	1
Agaralpetta	1
Morson	1
Avin Palma	1
Economy Next	1
Manjula Balasuriya	1
Senthil	1
Sushil Prema	1
Tourism Service Industry Award	1
the Export-Import	1
Bank of India	1
the Yala Season	1
Butt Cummins	1
Agri Ministry	1
the Agrarian Centers	1
Agrarian Services Department	1
Vasudeva	1
Lahiru, &	1
the Police Headquarters in Colombo	1
the Maradana Police	1
Siridhamma Thera	1
Nanayakkara et al	1
Health Keheliya Rambukwella	1
the Jaffna Railway Station	1
MDS Ramachandran	1
Nandana Amarasinghe	1
Temmeria Estate	1
CWC	1
Daily Exchange Rate	1
Florist	1
Kahawe	1
Ambalangoda	1
the Ambalangoda Police	1
the flower shop	1
the British Parliament	1
the International Credit Forum	1
Hon'ble Ministers	1
Food Security	1
The Times of India	1
Parliament Angajan Ramanathan	1
Selvarathnam Prasan	1
Uduvil	1
the Jaffna District Public Administration	1
Madhu	1
the District Secretariat	1
the Madhu Mother Festival	1
Bishop	1
Kyiv	1
Volodymyr Zelenskyy	1
Maia Sandu	1
Olaf Scholz	1
Ursula von	1
Leyen	1
Kaja Kallas	1
Irish	1
Micheal Martin	1
Roberta Metsola	1
Albania	1
Dimitar Kovacevski	1
Kovacevski	1
the Western Balkans	1
Brussels	1
The All Ceylon Restaurant Owners Association	1
All Ceylon Bakery Owners Association N.K Jayawardana	1
Rs.1000/-	1
the Jaffna Clock Tower	1
Anuradhapura Police	1
M.	1
Thalakolawewa	1
Kiralogama	1
B Ravishan Maduranga	1
Nimal Bandara	1
Kankesanthurai - An	1
Kollangalatti	1
Jaffna to Colombo	1
Hayleys Plc	1
the Members of Parliament	1
Colombo Magistrate’s Court	1
The Nippon Donation Foundation	1
the National Hospital of Sri Lanka	1
St. Joseph’s beat	1
St. Joseph's	1
Kingswood College	1
Havelock Park	1
Spokesman Capt	1
Indika de Silva	1
Sirisena Insinuates	1
Royal Park Murderer’s	1
Maithripala	1
Royal Park	1
Coronation Bar & Restaurant	1
Yvonne Johnson	1
the Royal Park	1
Caroline Johnson	1
Activist	1
Applied Economics	1
Baltimore	1
the Troubled Currencies Project	1
the Cato Institute	1
Toronto Trust Argentina	1
Buenos Aires	1
Ronald Reagan	1
Council of Economic Advisers	1
Echelon	1
Prof Hanke	1
Carlos	1
the Chicago Boys	1
Banco Central	1
Argentinec	1
the Convertibility System	1
post-Soviet	1
Ruble	1
Article IV	1
Petar Stoyanov	1
the Bulgarian Lev.	1
Lev	1
Yugoslavia	1
the Dayton Peace Accords	1
World War Two	1
GCC	1
Toronto	1
Emeritus	1
Lars Jonung	1
Monetary Reform for A Free Estonia	1
Maggie Thatcher’s	1
Alan	1
Chris Culp	1
Robert Mundell’s	1
the Nobel Laureate	1
Tuscany	1
the Johns Hopkins Institute for Applied Economics	1
Global Health	1
the Study of Business Enterprise	1
Johns Hopkins	1
the financial advisory council	1
Lehman Brothers	1
UAE	1
Aragalaya For Creating A Classless Sri Lanka	1
Galle Face Green, Colombo	1
Supreme Assembly of Sri Lanka	1
Diyawannawa, Colombo	1
the Universal Declaration of Human Rights	1
The Catholic Bishop Conference of Sri Lanka	1
Diyawannawa	1
Dickens	1
the French Revolution	1
St. Ignatius of Loyola	1
the Society of Jesus	1
Pamplona	1
Rashmi Madusanka Fernando	1
Creighton University	1
Omaha	1
CGSL	1
Time	1
Jens Laerke	1
Coordination of Humanitarian Affairs	1
Organization of Arab Petroleum Exporting Countries	1
JR’s	1
Hameed	1
Gadhafi	1
Sirimavo’s Leftist Coalition Government	1
Mahmud	1
OIC	1
aadi karakkanum	1
the Non-Aligned Movement	1
Indrajith Coomaraswamy	1
the People’s Movement for Reforms	1
the Tamil Diaspora	1
Biodiesel	1
kasippu	1
the Industrial Development Board	1
Government Licensing Program	1
the United Nations Framework Convention on Climate Change	1
Rio de Janeiro	1
the Kyoto Protocol	1
Paris Rulebook	1
Scotland	1
Sharm el-Sheikh	1
The Glasgow Climate Pact	1
the Global Goal on Adaptation	1
the Santiago Network	1
Loss & Damage	1
Egyptian	1
the Nairobi Work Programme	1
National Adaptation Plans	1
SLYCAN Trust	1
Education	1
Mutur	1
A-PAD Bangladesh	1
Tonga	1
Fiji	1
Vanuatu	1
A-PAD Japan	1
the UN Development Program	1
the World Humanitarian Summit	1
Madagascar	1
Mexico	1
UN Emergency Funding	1
the Humanitarian Country Team	1
the Disaster Management Centre	1
National Planning	1
Disaster Management	1
the OCHA-UNDP Connecting Business	1
MT	1
the Department of Transport and Logistics Management	1
the Chartered Institute of Logistics and Transport	1
the Sri Lanka Society for Transport and Logistics	1
PhD	1
the University of Calgary	1
Lazard Ltd.	1
Prem Watsa	1
Dammika Nanayakkara	1
Discarded & Ignored Human Rights Council’s	1
Malawi	1
Human Right Council’s Resolutions	1
the Human Rights Resolution 30/2015	1
the Recommendations of UNHRC	1
the Enforced Disappearances Act	1
Chandra Wickremasinghe	1
8th Divisions of Army	1
Core	1
Quad countries(Australia	1
Body	1
Quad	1
International Humanitarian Laws	1
Tamil Guardian	1
the UN Human Rights	1
HRC	1
Mullaitivu Kurunthur Malai	1
crisis”.(Tamil Guardian	1
Thambu Kanagasabai	1
Sri Lanka & President	1
Tamil Canadian Elders for Human Rights Organization	1
Manayangath Subramanian	1
Watching Tamil	1
Mailvaganam	1
Cinema Paatu Puthagam’	1
M.S. Lingam	1
M. Sockalingam	1
Devan Kovil Maniyosai	1
MSV & TKR	1
Sirkali SivaChidambaram	1
Jayalalithaa Jayaram	1
Subramanian	1
Tiruchirappalli Krishnaswamypillai Ramamurthy	1
Hindi cinema’s	1
Shankar-Jaikishan	1
Padmini	1
M.G. Ramachandran	1
Sorga Vaasal	1
Chandi Rani	1
Midland	1
N.S. Krishnan	1
N.S.	1
Krishnan	1
Maariyamman	1
S.V. Venkatraman	1
G. Ramanathan	1
R. Sudharsanam	1
S.M.	1
Subramania Bharati	1
non-Indian	1
Veena	1
S. Balachandar	1
flamenco	1
lambada	1
Afro	1
Hindustani ragas	1
Kummi	1
Kilikkanni	1
Comedian	1
J.P. Chandrababu	1
Vishnu	1
V.N. Sundaram	1
T.S. Balaiah	1
cello	1
oboe	1
trumpet guitar	1
ukulele mandolin	1
bongo	1
Persian	1
Punjabi Bhangra	1
Quawwali Devotional Sufi	1
Ahir Bhairav	1
Bismilla Khan	1
Mahabharatha	1
Karnan	1
Osaiyai Naan Kaettaen	1
Saroja Devi	1
Oadam Nathiyiniley	1
Kaathiruntha Kangal	1
P. Leela	1
Bharatidasan	1
K.V. Mahadevan	1
the Cultural Academy	1
Triplicane	1
A.R. Rahman	1
Kaadhalaa Kaadhalaa	1
Kamal Haasan	1
Prabhu Deva	1
YouTube	1
the “Daily FT” of	1
Investment Promotion	1
Dhammika	1
Katukurunda	1
Thakshila College	1
NDT	1
Hayleys PLC	1
Vallibel One PLC	1
Gift	1
Text of Press Release Issued	1
Foreign Exchange Crisis	1
Foreign Exchange	1
Rubber	1
Cinnamon 	1
Geographical Indication	1
EU) Commission	1
Ceylon Cinnamon	1
ayurvedic herbs	1
Brazilian	1
Pelwatta	1
Sevanagala	1
Science and Technology	1
the Dry Zone	1
The Bio Energy Association of Sri Lanka	1
Kanthale	1
Bibile	1
green gram	1
Agricultural Development Chamal Rajapaksa	1
AMA	1
Waga Sangramaya	1
Hindi	1
Boatswain	1
Dessert	1
Wattalappam	1
Secretariat	1
Pakistan Navy	1
Heads of State	1
FAC	1
Fast Attack Craft	1
Leading Engineering Mechanic Premaratne	1
OIC P 467	1
Chaithya Road, Colombo 1	1
Port city	1
the Board of the CSE	1
Government Securities	1
Advisory	1
Asset Management and Stock Brokering	1
the Investment Subcommittee of the CSE	1
the Risk and Audit Committee	1
the Central Counter Party System	1
Liability Risk Management	1
the International Bank Asset	1
Liability	1
the Netherlands Development Finance Company	1
German Investment Corporation	1
DEG	1
Proparco	1
the Agence Française de Development	1
AFD	1
INSEAD	1
Executive Professional Education	1
INSEAD Business School	1
Fontainebleau	1
AOTS	1
Tokyo	1
S and P SL20	1
Royal Ceramic Rs 93.8 million	1
IOC Rs 39.9 million	1
JKH Rs	1
LOLC Holdings Rs	1
Non-Financial Reporting Guideline	1
Pandora	1
Panama	1
Paradise Papers	1
The Bar Association	1
Wijesiri	1
the Financial Intelligence Unit	1
International Asset Recovery	1
the United Nations Convention against Corruption	1
Charter	1
a Stolen Asset Recovery Program	1
StAR	1
the International Convention for the Prevention of Money Laundering	1
the Prevention of Money Laundering Act	1
the Anti-Corruption Convention	1
post-world war	1
Cold War	1
The United Nations Organization	1
Multi National Corporations	1
Asokan	1
the Indo-Pacific	1
Orient	1
Nazeer	1
Black July 1983	1
TULF	1
Emmanuel Macron’s	1
the National Assembly	1
Jean-Luc Melenchon’s	1
Communists	1
Marine Le Pen’s	1
Left	1
the Govt Parliamentary Group	1
Anura Bandaranaike	1
boycotts	1
the Citizens’ Front	1
the Rotary Club of Colombo West	1
SAARC	1
the Daily News	1
People’s Participation in Government	1
Kumar Gunaratnam	1
The Impending Catastrophe & How to	1
Colombia	1
Gustavo Petro	1
Trumpian	1
JVP-NPP	1
FSP-IUSF	1
https://www.washingtonpost.com/world/2022/06/18/cuba-coronavirus-vaccine-abdala-soberana/	1
NEP	1
the European revolution	1
Kronstadt	1
Siberia	1
Program Lead	1
the Tony Blair Institute for Global Change	1
the Tamil Tigers	1
Becoming South Asia’s	1
ABC TV	1
Bolsheviks	1
the Armed Forces	1
Gamal Abdel Nasser	1
Juan Velasco	1
Alvarado	1
Peru	1
Otelo Carvalho	1
Jerry Rawlings	1
Thomas Sankara	1
Hugo Chavez	1
the Parliamentary Election Act No	1
Saman Rathnapriya	1
the Parliamentary Election Act No 1 of 1981	1
Manape	1
Parliament Elections (Amendment	1
Newratna	1
Mithrapala Lankeshwara	1
Temple Rice	1
Vanitha Balawega	1
Fifth Lane, Colombo 07	1
Lazard & Clifford Chance	1
Pacific Investment Management Co.	1
T. Rowe Price Group Inc.	1
BlackRock Inc.	1
Rothschild & Co's	1
Amundi Asset Management	1
HBK Capital Management	1
Morgan Stanley Investment Management	1
T. Rowe Price Associates Inc	1
District Court	1
Sino-Nepal	1
Nepalese	1
Yubaraj Ghimire	1
Uzra Zeya	1
Tibet	1
Randy Berry	1
Mustang	1
the US Army Pacific	1
Prabhu Ram	1
the Nepal Army	1
Hou Yanqi	1
American State’s	1
the National Guard Bureau	1
the Department of Defense	1
pro-India Nepali Congress	1
Bal Krishna Khand	1
the House of Representatives	1
Khand	1
Krishantha Prasad Cooray	1
Vistas	1
Armageddon	1
the Presidential Election	1
the General Election	1
SJB MPs	1
Mahinda Rajapaksa’s Opposition	1
Independents	1
Global Financial Integrity	1
Arun Kumar	1
the Jawaharlal Nehru University	1
International Sovereign Bonds	1
Gamini Wijesinghe	1
GFI	1
Wijewardene	1
Pippa Malmgren	1
Gulf States	1
Jack Ma	1
Alibaba Group	1
Take Sri Lankans	1
Sakichi Toyoda	1
Toyota Industries	1
Toyota	1
S&P	1
Fitch	1
Singapore AAA	1
the Central Bank of Sri Lanka Annual Report	1
Yangon	1
The Hambantota Magampura International Port	1
Rajapaksa International Airport	1
MRIA	1
E01	1
Magampura Expressway	1
E06	1
Hambantota to Colombo and Katunayake BIA	1
Railway	1
Sooriyawewa	1
hotels	1
Karnataka	1
Colombo-Jaffna	1
Jawaharlal Nehru	1
Mattala MRIA	1
Infosys	1
Thomson Reuters	1
BPO	1
Export Promotion Investment Park	1
EPIP	1
Ganjimutt	1
Mangalore University	1
the “Manchester of South India	1
Maruti Udyog	1
Tata Motors	1
SMART	1
Specific	1
Measurable, Achievable, Relevant	1
Time-Bound	1
Apparel	1
Stalingrad	1
Planning Commission	1
Aayog	1
National Institution	1
Transforming India	1
intelligentsia	1
Views	1
the Presidential Secretariat in Colombo and the Ministry of Finance	1
Vikshanayake	1
Labor	1
Will Sri Lanka's	1
Mahela Jayawardene	1
Kumar Sangakkara	1
Tillakaratne Dilshan	1
IPL	1
Twenty20	1
the Galle International Cricket Stadium	1
the R Premadasa Stadium in Colombo	1
Jeffrey Wandersay's	1
Arjuna Ranatunga	1
Mitchell Stark	1
Aston Eger	1
Steve Smith	1
Max Stoinis	1
Ken Richardson	1
Sean Abbott	1
Nuwan Thushara	1
Kasun Rajitha	1
Danushka Goonetileke	1
Wanindu Hasaranga	1
Wanindu	1
Russell Arnold	1
Maldives Retd	1
Managing Partner Reyaz Mihular	1
Sri Lanka Banks’ Association	1
Kapila Ariyaratne - Pix	1
Duminda Hulangamuwa	1
Ernst & Young Head	1
acute forex shortage	1
Singapore Airlines	1
the far east	1
WHT	1
Ariyaratne	1
the Sri Lankan Foreign Service	1
Foreign Missions	1
Arusha Cooray	1
James Cook University	1
Indra de Soysa	1
the Norwegian University of Science and Technology	1
Excessive Government	1
MMT	1
the Debt Sustainability Assessment	1
DSA	1
Angola	1
Congo	1
Congo DRC	1
Gabon, Lao PDR	1
Mali	1
Mozambique	1
Standard & Poor	1
Sri Lankan Government	1
https://www.ft.lk/columns/Monetary-Board-collectively-accountable-for-imprudent-policy-decisions/4-735512	1
the Open University of Sri Lanka	1
sscol@ou.ac.lk.	1
All-Party Government	1
DP	1
St. Augustine’s	1
Westminster	1
Robert’s “Where Majoritarian Part Subsumes	1
The Ideological Foundation of Sinhala Extremism	1
Gautama the Buddha	1
Samanalakanda	1
Malthusian	1
Sasana	1
Citizens for Accountable Governance	1
4.Country	1
The 19th Amendment to 20th	1
SLRs	1
Press, Police, Penal, Accountable	1
BOP	1
SME	1
Executive Committee	1
George Patton	1
Eran Wickramaratne	1
Harini Amarasuriya	1
Shanakiyan Rasamanickam	1
Diana Gamage	1
Hans Wijesuriya	1
Dialog	1
Axiata	1
Rohan Pethiyagoda	1
the Linnean Medal	1
Majanahata	1
Janaka Ratnayake	1
the Dehiwala Animal Hospital	1
Veterinarians	1
the Dehiwala National Zoo	1
the Daily FT	1
the Bar Association of Sri Lanka	1
the Police and Army	1
NPP	1
Jathika Jana Balawegaya	1
National People’s Power	1
Peter Drucker	1
Managing in Turbulent Times	1
Anna Salter	1
Roman Krznaric	1
Studs Terkel	1
Islamic	1
Nandasena Rathanpala	1
Native American	1
Atlantic	1
Preston C. Ni	1
Oprah Winfrey	1
the Postgraduate Institute of Management	1
ajantha@pim.sjp.ac.lk	1
ajantha@ou.edu	1
Don	1
the Australian National University	1
Advocata Institute	1
Zoom	1
Advocata	1
North Atlantic Treaty Organization	1
Warsaw Pact	1
Carlos Rangel	1
Rangel	1
Kwame Nkrumah	1
Julius Nyerere	1
Tanzania	1
Donald Trump	1
Park Chung	1
Chiang Kai Shek	1
the MD of Jinasena Ltd.	1
Nihal Jinasena	1
Jinasena Water Pump	1
Raul Prebisch	1
the United Nations Conference on Trade and Development	1
UNCTAD	1
Cambridge University	1
United Nations Industrial Development Organization	1
UNIDO	1
MCC Grant	1
Visa	1
Cambodia	1
Greed	1
Thorium	1
Adam Smith	1
Invisible Hand	1
Peter D. Schiff	1
Andrew J. Schiff	1
The Ethics of Money Production	1
Jörg Guido Hülsmann	1
Leonard Read	1
Bachelor	1
the National University Singapore	1
